﻿<?xml version="1.0" encoding="utf-8" standalone="yes"?>
<psf:PrintTicket version="1" xmlns:psf="http://schemas.microsoft.com/windows/2003/08/printing/printschemaframework" xmlns:xsi="http://www.w3.org/2001/XMLSchema-instance" xmlns:xsd="http://www.w3.org/2001/XMLSchema" xmlns:ns0000="http://schemas.microsoft.com/windows/2006/06/printing/printschemakeywords/microsoftxpsdocumentwriter" xmlns:psk="http://schemas.microsoft.com/windows/2003/08/printing/printschemakeywords">
	<psf:Feature name="psk:PageMediaSize">
		<psf:Option name="psk:ISOA4">
			<psf:ScoredProperty name="psk:MediaSizeWidth">
				<psf:Value xsi:type="xsd:integer">210058</psf:Value>
			</psf:ScoredProperty>
			<psf:ScoredProperty name="psk:MediaSizeHeight">
				<psf:Value xsi:type="xsd:integer">296926</psf:Value>
			</psf:ScoredProperty>
		</psf:Option>
	</psf:Feature>
	<psf:Feature name="psk:PageOrientation">
		<psf:Option name="psk:Portrait" />
	</psf:Feature>
	<psf:Feature name="psk:PageInputBin">
		<psf:Option name="psk:AutoSelect" />
	</psf:Feature>
</psf:PrintTicket>